Date,Description,Amount,Category,Transaction ID
2025-12-03,NETFLIX.COM,-15.49,Entertainment,t001
2026-01-03,NETFLIX.COM,-15.49,Entertainment,t002
2026-02-03,NETFLIX.COM,-15.49,Entertainment,t003
2026-03-03,NETFLIX.COM,-15.49,Entertainment,t004
2025-12-11,NOTION LABS,-12.00,Software,t005
2026-01-11,NOTION LABS,-12.00,Software,t006
2026-02-11,NOTION LABS,-12.00,Software,t007
2026-03-11,NOTION LABS,-12.00,Software,t008
2026-02-17,ACME CAMERA SHOP,-118.00,Shopping,t009
2026-02-17,ACME CAMERA SHOP,-118.00,Shopping,t010
2026-03-01,GROCERY MARKET,-84.26,Groceries,t011
2026-03-02,CARD PAYMENT,500.00,Payment,t012
